epoch,time,train/box_loss,train/cls_loss,train/dfl_loss,metrics/precision(B),metrics/recall(B),metrics/mAP50(B),metrics/mAP50-95(B),val/box_loss,val/cls_loss,val/dfl_loss,lr/pg0,lr/pg1,lr/pg2
1,2.75798,0.61867,3.28709,0.93208,0.00547,0.90476,0.36988,0.24148,0.602,3.20248,0.85678,4e-05,4e-05,0.09604
2,3.87958,0.57569,2.91033,0.89648,0.00615,1,0.45201,0.40459,0.41128,3.09025,0.78255,4.545e-05,4.545e-05,0.0910454
